Order ID,Order Size,Customization Level,Supplier Rating,Process Time (days),Shipping Mode,Distance to Delivery,Stock Availability,Production Stages Count,Labor Hours Required,Material Availability,Packaging Complexity,Previous Supplier Delays (%),Shipping Zone,Order Priority,Order Size Category,Customization Type,Historical On-Time Percentage,Order Date,Lead Time,Order Type,Order Complexity Score,Distance-Time Ratio,Supplier Delay Impact,Shipping Mode Weight,Priority-Customization Interaction
ID1,52,4,2.03,5,1,310,0,4,53,No,1,35,1,2,0,1,74.03,2023-08-28,16,Complex,38.5,51.666666666666664,21.6,1,8
ID2,93,2,2.84,5,2,399,1,4,30,No,0,96,0,2,0,0,84.03,2023-06-16,9,Complex,23.0,66.5,17.64,1,4
ID3,15,4,4.92,11,1,401,1,1,37,Yes,2,0,0,0,1,2,88.18,2024-04-16,26,Complex,27.5,33.416666666666664,26.0,1,0
ID4,72,3,2.97,6,1,57,1,1,63,No,2,14,0,1,2,0,82.85,2024-09-07,9,Complex,38.5,8.142857142857142,10.260000000000002,1,3
ID5,61,1,2.32,7,1,369,1,4,63,Yes,0,76,2,1,1,1,70.81,2024-09-28,17,Complex,37.5,46.125,29.92,1,1
ID6,21,2,3.53,14,0,187,1,2,74,Yes,2,16,1,0,0,2,93.51,2023-10-16,13,Simple,43.0,12.466666666666667,15.079999999999998,1,0
ID7,83,1,1.96,11,0,87,0,3,30,No,1,23,0,0,1,0,70.32,2023-07-04,14,Complex,20.0,7.25,17.22,1,0
ID8,87,1,1.3,13,2,160,0,1,22,No,2,57,2,1,2,2,92.86,2023-11-13,5,Complex,14.0,11.428571428571429,7.85,1,1
ID9,75,2,1.52,2,2,417,0,2,66,No,2,71,2,2,1,2,96.8,2023-09-04,7,Complex,39.0,139.0,11.969999999999999,1,4
ID10,75,4,1.51,7,0,269,0,5,58,Yes,2,90,2,2,0,2,82.99,2024-01-12,22,Complex,42.0,33.625,41.8,1,8
ID11,88,1,1.61,20,2,386,0,1,63,No,1,22,0,1,1,0,86.07,2023-05-06,16,Complex,34.5,18.38095238095238,19.52,1,1
ID12,100,3,1.56,4,0,272,0,2,19,Yes,0,45,0,2,0,1,84.31,2023-08-30,7,Complex,17.5,54.4,10.15,1,6
ID13,24,1,3.56,8,1,185,0,2,62,No,1,71,0,0,0,2,81.68,2024-06-19,29,Simple,35.0,20.555555555555557,49.589999999999996,1,0
ID14,3,2,1.73,20,1,305,1,3,53,No,0,7,0,2,1,1,96.62,2024-02-16,13,Simple,33.5,14.523809523809524,13.91,1,4
ID15,22,2,2.38,19,2,409,0,3,56,No,0,58,0,2,0,1,96.82,2023-10-27,6,Simple,35.0,20.45,9.48,1,4
ID16,53,2,4.59,13,0,458,1,5,62,Yes,0,89,0,2,0,0,80.07,2023-08-25,7,Complex,40.0,32.714285714285715,13.23,1,4
ID17,2,4,2.9,14,0,378,1,2,83,No,2,58,0,1,2,0,88.45,2024-02-16,18,Complex,51.5,25.2,28.44,1,4
ID18,88,1,3.67,10,2,499,0,6,55,No,2,12,0,0,2,1,97.81,2023-06-03,8,Complex,35.5,45.36363636363637,8.96,1,0
ID19,30,4,1.69,11,0,483,1,2,22,Yes,0,38,0,2,2,2,98.86,2024-04-20,29,Complex,21.0,40.25,40.019999999999996,1,8
ID20,38,4,1.77,2,1,500,1,3,46,Yes,0,100,2,1,2,0,85.27,2023-11-02,23,Complex,34.0,166.66666666666666,46.0,1,4
ID21,2,2,1.16,9,2,98,1,6,33,No,2,27,0,2,0,2,83.58,2024-10-23,17,Complex,26.5,9.8,21.59,1,4
ID22,64,2,1.68,17,2,341,1,1,11,No,1,88,1,0,1,2,78.36,2024-01-06,11,Complex,10.5,18.944444444444443,20.68,1,0
ID23,60,4,2.11,3,0,431,0,1,95,No,0,60,2,2,0,2,98.77,2024-07-03,16,Complex,56.5,107.75,25.6,1,8
ID24,21,1,1.71,6,2,373,0,4,90,Yes,1,15,0,0,0,1,74.28,2023-09-10,7,Complex,51.0,53.285714285714285,8.049999999999999,1,0
ID25,33,3,1.35,5,0,127,0,3,23,Yes,2,1,1,2,0,2,87.39,2023-10-05,27,Complex,20.5,21.166666666666668,27.27,1,6
ID26,76,4,1.48,5,0,154,0,4,19,Yes,0,81,0,0,1,1,78.48,2023-09-22,27,Complex,21.5,25.666666666666668,48.870000000000005,1,0
ID27,58,1,2.84,15,0,218,0,6,44,Yes,1,16,1,2,2,1,78.37,2023-01-21,13,Complex,30.0,13.625,15.079999999999998,1,2
ID28,22,2,1.83,17,0,266,0,3,34,No,1,29,1,0,0,2,82.15,2024-05-12,6,Simple,24.0,14.777777777777779,7.74,1,0
ID29,89,2,2.46,9,0,427,0,5,12,Yes,1,12,1,2,0,2,99.96,2023-04-02,26,Complex,15.0,42.7,29.120000000000005,1,4
ID30,49,1,3.01,3,2,168,0,2,26,Yes,2,95,1,2,2,2,71.65,2023-09-13,13,Simple,17.0,42.0,25.349999999999998,1,2
ID31,91,3,3.76,20,1,239,0,5,21,Yes,2,92,2,1,0,2,87.36,2024-04-01,16,Complex,21.5,11.380952380952381,30.72,1,3
ID32,59,2,1.16,17,1,304,0,6,63,No,1,93,2,1,1,1,72.48,2024-09-10,16,Complex,41.5,16.88888888888889,30.880000000000003,1,2
ID33,42,2,4.2,10,2,419,1,3,33,No,1,81,1,0,0,2,74.64,2024-04-17,19,Simple,23.5,38.09090909090909,34.39,1,0
ID34,92,2,3.51,3,2,315,0,6,38,Yes,2,12,0,2,0,2,83.19,2023-02-06,6,Complex,29.0,78.75,6.720000000000001,1,4
ID35,60,1,1.33,18,1,198,1,2,52,Yes,1,42,1,0,2,1,85.31,2023-04-12,22,Complex,30.0,10.421052631578947,31.24,1,0
ID36,80,4,4.49,18,1,213,1,1,34,No,1,84,2,1,0,0,77.76,2024-07-28,17,Complex,26.0,11.210526315789474,31.279999999999998,1,4
ID37,15,2,4.68,17,1,189,1,1,69,No,2,93,0,0,0,0,79.49,2023-12-03,18,Simple,39.5,10.5,34.74,1,0
ID38,62,4,1.24,3,1,396,1,6,99,No,1,20,2,0,1,1,72.61,2024-03-17,9,Complex,63.5,99.0,10.799999999999999,1,0
ID39,62,3,2.11,3,1,307,0,4,74,No,1,54,2,1,2,0,79.1,2023-08-25,14,Complex,47.0,76.75,21.560000000000002,1,3
ID40,47,2,4.22,6,0,423,1,3,93,No,1,80,0,2,2,1,99.0,2024-08-07,16,Simple,53.5,60.42857142857143,28.8,1,4
ID41,62,2,3.99,13,2,318,0,3,37,No,2,39,1,0,1,2,98.34,2022-12-25,14,Complex,25.5,22.714285714285715,19.46,1,0
ID42,51,3,1.74,15,0,230,0,1,25,No,1,82,1,1,0,2,80.05,2024-06-11,28,Complex,19.5,14.375,50.959999999999994,1,3
ID43,55,2,1.84,9,1,209,1,5,56,No,2,14,1,2,2,0,87.13,2024-01-29,15,Complex,37.0,20.9,17.1,1,4
ID44,64,4,2.48,4,1,400,0,2,90,Yes,2,72,1,1,2,2,97.29,2023-12-21,29,Complex,55.0,80.0,49.88,1,4
ID45,3,1,2.94,14,1,449,1,5,67,Yes,0,51,0,0,0,0,70.19,2024-01-18,6,Complex,40.5,29.933333333333334,9.06,1,0
ID46,51,4,3.47,5,0,337,1,5,85,Yes,0,73,0,2,0,0,94.32,2024-01-22,9,Complex,55.5,56.166666666666664,15.57,1,8
ID47,7,1,2.48,2,0,337,0,6,36,Yes,1,94,0,2,2,2,98.45,2024-05-18,11,Complex,26.0,112.33333333333333,21.34,1,2
ID48,21,1,2.85,11,1,429,0,1,62,Yes,2,52,2,1,0,2,72.74,2024-02-11,10,Simple,34.0,35.75,15.2,1,1
ID49,73,4,3.99,9,0,275,1,1,51,Yes,0,86,0,1,2,0,74.84,2023-01-29,26,Complex,34.5,27.5,48.36,1,4
ID50,39,4,1.15,3,0,60,0,1,68,No,1,51,1,1,0,2,98.82,2023-02-17,27,Complex,43.0,15.0,40.77,1,4
ID51,18,4,2.01,9,1,59,0,6,56,No,0,29,2,2,0,1,86.13,2024-01-27,7,Complex,42.0,5.9,9.030000000000001,1,8
ID52,4,4,3.85,3,0,320,0,4,43,Yes,0,32,1,2,1,2,70.43,2023-06-04,17,Complex,33.5,80.0,22.44,1,8
ID53,89,3,4.58,2,2,322,1,5,46,Yes,2,56,1,0,0,2,77.73,2024-04-02,7,Complex,34.0,107.33333333333333,10.92,1,0
ID54,60,2,3.05,12,2,473,1,6,15,No,2,51,0,2,1,1,83.5,2024-02-28,29,Complex,17.5,36.38461538461539,43.79,1,4
ID55,14,1,3.13,10,2,451,0,3,16,No,0,8,0,0,0,2,90.79,2022-12-12,28,Simple,13.0,41.0,30.240000000000002,1,0
ID56,9,4,1.43,9,2,232,0,2,34,No,0,53,1,1,2,2,91.99,2023-01-24,25,Complex,27.0,23.2,38.25,1,4
ID57,90,4,2.79,15,1,202,0,4,42,Yes,2,0,1,1,2,0,99.86,2023-05-16,10,Complex,33.0,12.625,10.0,1,4
ID58,53,4,3.13,8,1,364,0,3,64,No,1,43,2,2,0,2,78.63,2024-09-04,15,Complex,43.0,40.44444444444444,21.45,1,8
ID59,2,3,1.97,5,1,383,0,5,67,Yes,2,98,0,1,0,2,86.15,2023-07-21,21,Complex,44.5,63.833333333333336,41.58,1,3
ID60,84,4,2.08,11,2,173,1,1,16,Yes,0,74,2,1,2,1,86.0,2024-09-21,14,Complex,17.0,14.416666666666666,24.36,1,4
ID61,92,4,2.51,2,2,163,0,5,66,No,1,97,2,2,0,0,82.17,2024-08-22,16,Complex,46.0,54.333333333333336,31.52,1,8
ID62,60,4,1.08,15,0,327,1,6,21,No,0,79,2,0,1,0,75.07,2023-10-17,21,Complex,24.5,20.4375,37.59,1,0
ID63,71,2,2.29,6,0,463,0,2,25,Yes,1,8,1,2,1,0,99.32,2023-10-17,8,Complex,18.5,66.14285714285714,8.64,1,4
ID64,44,3,1.85,8,2,262,1,6,89,No,0,31,2,0,1,2,95.6,2024-08-26,6,Complex,56.5,29.11111111111111,7.86,1,0
ID65,8,4,2.31,5,2,221,0,4,52,No,1,14,2,2,1,0,84.95,2024-10-19,15,Complex,38.0,36.833333333333336,17.1,1,8
ID66,47,1,1.48,16,2,337,1,4,86,Yes,1,11,1,2,1,1,88.1,2024-07-14,11,Complex,49.0,19.823529411764707,12.21,1,2
ID67,35,1,4.56,18,2,484,0,2,16,No,0,96,0,1,0,0,76.82,2024-08-01,6,Simple,12.0,25.473684210526315,11.76,1,1
ID68,78,1,3.37,6,0,223,1,3,60,Yes,1,77,0,2,0,1,86.31,2024-04-19,22,Complex,35.0,31.857142857142858,38.94,1,2
ID69,81,3,3.72,5,2,162,1,3,82,Yes,2,56,2,2,1,0,90.85,2023-01-02,25,Complex,50.0,27.0,39.0,1,6
ID70,36,3,4.16,16,0,425,1,4,41,No,0,7,1,0,0,0,85.46,2024-08-24,8,Complex,30.5,25.0,8.56,1,0
ID71,50,1,2.99,13,2,454,1,4,84,Yes,2,71,0,1,0,1,99.71,2024-08-25,12,Complex,48.0,32.42857142857143,20.52,1,1
ID72,4,4,1.35,5,2,171,1,1,17,Yes,0,26,2,0,1,0,88.34,2024-02-07,24,Complex,17.5,28.5,30.240000000000002,1,0
ID73,2,3,3.15,13,2,81,1,3,96,No,1,61,2,0,0,0,81.13,2024-08-26,18,Complex,57.0,5.785714285714286,28.979999999999997,1,0
ID74,6,1,3.35,17,0,271,0,2,98,No,1,11,1,1,0,0,93.16,2023-01-01,16,Simple,53.0,15.055555555555555,17.76,1,1
ID75,54,1,3.98,18,0,168,1,3,81,No,1,64,2,1,0,2,75.11,2024-09-11,26,Complex,45.5,8.842105263157896,42.64,1,1
ID76,4,4,2.73,8,1,88,0,1,54,Yes,0,41,0,1,1,1,81.54,2023-08-21,25,Complex,36.0,9.777777777777779,35.25,1,4
ID77,54,2,1.51,13,2,317,0,6,95,Yes,2,61,1,2,0,0,80.41,2022-12-30,22,Complex,57.5,22.642857142857142,35.419999999999995,1,4
ID78,93,3,2.14,19,1,282,0,4,68,No,2,10,0,1,2,1,82.95,2024-06-13,15,Complex,44.0,14.1,16.5,1,3
ID79,63,4,2.45,3,1,480,0,4,13,Yes,0,42,0,1,2,1,93.45,2023-12-13,12,Complex,18.5,120.0,17.04,1,4
ID80,18,1,3.58,8,0,67,0,1,76,No,0,94,0,1,1,1,84.53,2023-01-18,6,Simple,41.0,7.444444444444445,11.64,1,1
ID81,90,1,3.28,2,0,198,1,2,38,No,2,16,2,0,2,0,93.82,2024-06-20,29,Complex,23.0,66.0,33.64,1,0
ID82,44,4,2.42,8,1,446,1,4,38,Yes,2,96,2,0,1,0,87.29,2024-10-05,19,Complex,31.0,49.55555555555556,37.24,1,0
ID83,34,3,4.95,13,2,198,1,5,37,No,2,31,0,2,2,1,80.26,2024-10-27,13,Complex,29.5,14.142857142857142,17.03,1,6
ID84,74,2,3.42,13,0,175,0,4,86,Yes,2,92,0,0,2,2,94.3,2024-06-07,23,Complex,51.0,12.5,44.16,1,0
ID85,62,2,1.95,1,2,441,1,5,88,Yes,0,84,1,2,2,1,77.15,2023-11-23,24,Complex,53.0,220.5,44.16,1,4
ID86,100,1,1.41,6,2,351,1,1,96,No,0,84,1,0,1,2,76.73,2023-02-24,12,Complex,51.0,50.142857142857146,22.08,1,0
ID87,14,3,1.61,19,1,409,1,1,53,Yes,1,39,2,1,1,1,85.14,2022-12-24,29,Complex,33.5,20.45,40.31,1,3
ID88,95,2,1.98,16,1,287,1,4,99,No,2,22,2,0,0,1,77.83,2024-08-07,23,Complex,57.5,16.88235294117647,28.06,1,0
ID89,48,3,1.64,8,1,184,1,3,13,Yes,1,55,1,2,1,1,70.27,2024-09-25,9,Complex,15.5,20.444444444444443,13.950000000000001,1,6
ID90,15,3,1.75,1,1,200,0,5,99,Yes,0,5,0,0,2,0,89.45,2024-06-01,15,Complex,60.5,100.0,15.75,1,0
ID91,72,1,2.14,16,0,285,1,2,18,Yes,0,85,2,1,2,2,85.33,2023-10-05,19,Complex,13.0,16.764705882352942,35.15,1,1
ID92,78,2,1.69,9,0,273,0,4,14,No,1,49,0,2,1,2,83.37,2024-06-28,12,Complex,15.0,27.3,17.88,1,4
ID93,87,4,4.59,13,1,252,0,2,65,Yes,2,36,1,1,1,1,99.01,2024-05-17,23,Complex,42.5,18.0,31.279999999999998,1,4
ID94,62,1,1.32,11,0,305,0,4,93,No,2,63,2,1,1,0,87.14,2023-05-31,27,Complex,52.5,25.416666666666668,44.01,1,1
ID95,40,2,3.1,13,1,135,0,3,59,Yes,2,53,2,2,0,0,95.9,2023-02-09,12,Simple,36.5,9.642857142857142,18.36,1,4
ID96,85,2,2.64,10,2,199,0,3,84,Yes,2,71,1,1,2,2,74.18,2023-04-24,23,Complex,49.0,18.09090909090909,39.33,1,2
ID97,80,2,4.93,4,2,284,1,3,24,No,1,48,2,1,0,0,87.08,2023-12-16,22,Complex,19.0,56.8,32.56,1,2
ID98,82,2,1.45,6,2,394,1,6,41,No,1,98,1,0,0,2,96.04,2024-10-04,14,Complex,30.5,56.285714285714285,27.72,1,0
ID99,53,2,2.59,7,1,71,1,3,37,No,0,10,2,1,2,2,87.49,2023-10-14,11,Complex,25.5,8.875,12.100000000000001,1,2
ID100,24,3,4.88,5,2,397,0,1,31,No,2,87,1,1,2,2,91.54,2024-02-06,13,Complex,22.5,66.16666666666667,24.310000000000002,1,3
ID101,26,1,4.46,11,0,334,1,1,26,No,2,48,2,1,1,0,81.16,2023-11-30,5,Simple,16.0,27.833333333333332,7.4,1,1
ID102,89,3,4.27,13,2,318,1,6,68,Yes,2,20,0,1,1,2,72.77,2024-01-27,23,Complex,46.0,22.714285714285715,27.599999999999998,1,3
ID103,60,4,2.03,19,2,307,0,5,99,Yes,1,65,0,2,0,2,83.74,2023-08-19,9,Complex,62.5,15.35,14.85,1,8
ID104,41,2,1.68,10,2,78,0,2,80,No,2,62,0,0,1,1,81.83,2024-04-19,23,Simple,46.0,7.090909090909091,37.260000000000005,1,0
ID105,29,1,3.67,10,0,262,0,4,66,Yes,1,82,2,1,1,2,96.01,2023-01-14,5,Complex,39.0,23.818181818181817,9.1,1,1
ID106,15,2,4.72,11,1,485,0,4,35,Yes,2,27,2,1,2,2,77.32,2023-03-15,19,Complex,25.5,40.416666666666664,24.13,1,2
ID107,45,1,3.23,7,0,332,1,6,34,Yes,2,16,0,2,2,1,99.0,2023-06-28,20,Complex,25.0,41.5,23.2,1,2
ID108,65,3,3.29,18,1,99,0,1,19,No,0,5,0,1,1,1,98.74,2023-05-29,27,Complex,16.5,5.2105263157894735,28.35,1,3
ID109,89,1,2.12,4,1,144,0,4,54,Yes,2,18,1,2,2,0,77.43,2023-01-02,11,Complex,33.0,28.8,12.979999999999999,1,2
ID110,71,4,4.08,2,2,456,1,1,92,Yes,2,55,1,0,1,2,80.44,2024-11-26,16,Complex,55.0,152.0,24.8,1,0
ID111,9,4,1.75,14,1,137,1,5,20,Yes,0,27,1,0,2,0,96.87,2024-11-09,12,Complex,23.0,9.133333333333333,15.24,1,0
ID112,88,1,2.29,13,0,93,0,2,86,No,1,65,0,1,2,0,99.0,2023-01-30,9,Complex,47.0,6.642857142857143,14.85,1,1
ID113,1,1,2.7,12,0,327,1,5,62,Yes,1,37,0,1,2,1,83.3,2024-11-14,14,Complex,38.0,25.153846153846153,19.18,1,1
ID114,8,1,3.03,7,1,220,0,6,81,Yes,2,36,0,1,2,0,79.63,2023-11-20,25,Complex,48.5,27.5,34.0,1,1
ID115,88,1,1.97,2,2,470,0,3,77,No,1,67,1,2,1,2,85.78,2023-04-07,9,Complex,43.5,156.66666666666666,15.03,1,2
ID116,63,4,1.46,13,2,238,1,3,37,No,2,85,2,1,0,1,90.63,2023-11-07,21,Complex,29.5,17.0,38.85,1,4
ID117,11,2,3.44,14,0,402,1,3,84,Yes,0,89,0,1,2,2,78.2,2023-03-21,9,Simple,49.0,26.8,17.01,1,2
ID118,81,1,2.15,17,2,233,0,5,74,Yes,0,48,2,0,1,2,92.09,2023-08-08,26,Complex,44.0,12.944444444444445,38.48,1,0
ID119,8,1,3.32,9,1,52,0,4,58,No,2,42,2,1,1,1,71.55,2024-08-31,19,Complex,35.0,5.2,26.979999999999997,1,1
ID120,35,4,1.62,17,1,240,0,2,56,No,0,35,2,0,2,2,71.48,2024-07-27,17,Complex,38.0,13.333333333333334,22.950000000000003,1,0
ID121,35,4,2.92,8,0,167,1,3,61,No,0,57,1,1,0,1,81.59,2023-10-25,5,Complex,41.5,18.555555555555557,7.85,1,4
ID122,33,3,3.13,2,1,68,0,6,97,No,2,12,2,0,2,2,80.6,2023-11-16,15,Complex,60.5,22.666666666666668,16.8,1,0
ID123,5,1,1.21,13,0,72,0,6,63,No,2,51,0,1,1,1,79.47,2022-12-31,27,Complex,39.5,5.142857142857143,40.77,1,1
ID124,41,3,2.35,3,1,462,0,3,69,No,0,57,1,0,0,0,84.73,2023-01-18,5,Complex,43.5,115.5,7.85,1,0
ID125,28,4,1.54,16,0,79,0,3,66,No,1,31,0,2,1,2,79.62,2024-02-11,15,Complex,44.0,4.647058823529412,19.650000000000002,1,8
ID126,7,4,1.25,6,2,344,0,2,56,Yes,1,80,0,0,2,1,75.77,2024-01-24,22,Complex,38.0,49.142857142857146,39.6,1,0
ID127,73,2,4.96,19,1,157,1,3,40,No,2,99,1,0,0,2,79.28,2023-07-19,22,Complex,27.0,7.85,43.78,1,0
ID128,72,1,2.29,7,1,416,0,2,55,No,2,59,0,0,1,2,99.25,2023-11-12,25,Complex,31.5,52.0,39.75,1,0
ID129,12,3,4.24,10,0,330,0,6,35,Yes,1,82,0,1,1,2,82.33,2024-06-11,20,Complex,29.5,30.0,36.4,1,3
ID130,34,4,2.02,9,0,177,0,3,14,No,0,57,1,1,1,1,83.34,2023-05-20,17,Complex,18.0,17.7,26.689999999999998,1,4
ID131,33,4,3.73,2,1,278,0,5,93,No,1,98,0,1,2,0,87.3,2023-03-23,11,Complex,59.5,92.66666666666667,21.78,1,4
ID132,48,3,4.04,15,0,160,1,5,61,Yes,1,55,2,2,0,0,99.5,2023-01-10,5,Complex,41.5,10.0,7.75,1,6
ID133,23,2,3.38,5,1,185,1,6,84,No,1,27,0,2,2,0,77.25,2022-12-13,20,Complex,52.0,30.833333333333332,25.4,1,4
ID134,62,4,2.89,4,2,411,1,2,63,Yes,1,0,2,0,2,1,90.44,2023-01-06,5,Complex,41.5,82.2,5.0,1,0
ID135,88,1,2.65,20,0,235,0,5,42,Yes,2,41,0,2,2,0,91.48,2024-10-17,21,Complex,28.0,11.19047619047619,29.61,1,2
ID136,37,4,2.4,4,1,193,0,2,59,Yes,2,81,1,0,0,1,88.22,2023-05-30,10,Complex,39.5,38.6,18.1,1,0
ID137,99,1,4.72,18,2,121,1,5,47,Yes,0,47,1,0,2,2,72.66,2023-08-21,6,Complex,30.5,6.368421052631579,8.82,1,0
ID138,44,3,4.32,4,2,178,1,5,36,No,0,39,0,0,2,2,90.31,2024-12-08,21,Complex,29.0,35.6,29.19,1,0
ID139,86,1,4.86,17,1,413,1,2,24,Yes,0,96,1,2,2,0,71.92,2024-07-27,10,Complex,16.0,22.944444444444443,19.6,1,2
ID140,91,3,1.5,12,0,310,0,4,70,Yes,0,62,0,1,2,1,87.88,2024-07-17,18,Complex,45.0,23.846153846153847,29.160000000000004,1,3
ID141,35,1,3.92,17,1,52,0,5,30,No,1,75,1,2,1,2,92.19,2023-11-22,22,Complex,22.0,2.888888888888889,38.5,1,2
ID142,65,3,4.75,10,2,498,1,3,55,Yes,2,71,2,0,2,1,76.33,2024-01-11,10,Complex,36.5,45.27272727272727,17.1,1,0
ID143,99,1,1.72,1,1,437,1,6,78,Yes,2,87,0,0,1,1,95.25,2024-06-18,14,Complex,47.0,218.5,26.18,1,0
ID144,47,2,1.27,18,0,153,1,4,15,Yes,0,79,2,2,2,2,70.91,2023-08-15,28,Complex,15.5,8.052631578947368,50.120000000000005,1,4
ID145,78,1,3.96,18,2,273,0,2,47,Yes,0,3,2,0,0,1,95.31,2024-02-27,22,Complex,27.5,14.368421052631579,22.66,1,0
ID146,3,1,3.3,14,1,369,0,4,71,No,1,37,0,0,1,2,83.81,2024-08-02,13,Complex,41.5,24.6,17.810000000000002,1,0
ID147,1,2,4.37,15,0,411,0,1,95,Yes,1,26,2,2,1,2,76.53,2023-01-04,12,Simple,52.5,25.6875,15.120000000000001,1,4
ID148,5,4,1.56,12,2,403,1,1,71,No,0,8,0,2,1,2,74.01,2023-02-26,14,Complex,44.5,31.0,15.120000000000001,1,8
ID149,90,4,4.18,4,0,59,1,5,91,No,2,15,2,2,1,1,98.6,2024-10-20,21,Complex,58.5,11.8,24.15,1,8
ID150,14,1,1.81,3,2,454,0,5,87,Yes,2,55,0,0,0,2,72.18,2024-06-24,27,Complex,50.5,113.5,41.85,1,0
ID151,27,2,1.65,20,1,433,1,3,83,Yes,2,75,0,0,2,1,75.97,2023-12-22,10,Simple,48.5,20.61904761904762,17.5,1,0
ID152,9,1,1.66,12,0,351,0,6,55,Yes,0,30,1,1,1,2,80.43,2023-07-19,18,Complex,35.5,27.0,23.400000000000002,1,1
ID153,79,3,4.26,7,2,280,1,4,22,Yes,2,87,0,1,0,2,88.61,2024-03-16,26,Complex,21.0,35.0,48.620000000000005,1,3
ID154,15,3,3.66,11,0,268,1,1,12,No,1,13,0,2,1,0,86.34,2023-10-06,26,Complex,13.0,22.333333333333332,29.379999999999995,1,6
ID155,90,1,3.09,1,0,460,1,5,15,No,1,24,2,1,2,0,73.77,2024-05-30,10,Complex,14.5,230.0,12.4,1,1
ID156,42,4,2.44,6,1,115,1,6,17,No,0,33,0,0,1,0,78.69,2023-09-12,11,Complex,22.5,16.428571428571427,14.63,1,0
ID157,77,4,4.51,15,0,474,0,4,53,Yes,1,66,1,1,0,1,77.16,2024-03-25,16,Complex,38.5,29.625,26.560000000000002,1,4
ID158,51,1,2.57,15,2,161,1,5,42,No,0,23,2,0,2,1,76.41,2024-06-03,7,Complex,28.0,10.0625,8.61,1,0
ID159,63,1,4.27,19,2,62,0,5,90,Yes,2,72,2,2,0,2,82.33,2023-11-13,18,Complex,52.0,3.1,30.96,1,2
ID160,96,3,2.76,11,2,442,0,1,84,Yes,2,25,1,2,2,2,91.12,2023-12-13,26,Complex,49.0,36.833333333333336,32.5,1,6
ID161,52,4,2.51,2,2,469,0,1,86,Yes,2,19,2,0,2,2,76.52,2023-11-05,23,Complex,52.0,156.33333333333334,27.369999999999997,1,0
ID162,96,1,2.85,14,1,135,1,5,59,Yes,1,63,2,1,2,2,81.0,2023-02-14,27,Complex,36.5,9.0,44.01,1,1
ID163,4,3,2.21,2,0,283,0,2,20,Yes,0,9,2,2,1,1,81.73,2023-05-04,20,Complex,18.0,94.33333333333333,21.8,1,6
ID164,94,4,3.99,4,1,139,0,5,37,No,2,82,2,2,0,2,99.29,2023-07-07,11,Complex,31.5,27.8,20.02,1,8
ID165,23,2,3.01,17,0,363,0,6,79,No,0,66,1,1,0,2,98.64,2023-04-10,12,Complex,49.5,20.166666666666668,19.92,1,2
ID166,15,3,1.93,3,0,103,1,5,50,Yes,2,23,1,1,0,0,94.0,2024-09-10,22,Complex,36.0,25.75,27.06,1,3
ID167,43,4,4.6,13,0,61,1,3,25,No,1,4,2,0,2,2,77.25,2022-12-29,29,Complex,23.5,4.357142857142857,30.16,1,0
ID168,29,4,2.54,9,1,258,0,3,77,Yes,1,66,2,1,1,2,72.04,2024-04-26,17,Complex,49.5,25.8,28.220000000000002,1,4
ID169,36,3,3.17,7,0,63,1,3,57,Yes,0,57,1,1,2,2,79.51,2023-05-27,25,Complex,37.5,7.875,39.24999999999999,1,3
ID170,13,2,4.63,15,1,170,0,2,65,Yes,1,26,1,1,0,1,78.0,2024-10-18,13,Simple,38.5,10.625,16.38,1,2
ID171,32,3,3.5,11,2,467,0,2,73,No,1,79,1,0,1,0,85.18,2023-04-08,14,Complex,44.5,38.916666666666664,25.060000000000002,1,0
ID172,71,4,1.47,20,2,486,1,5,68,Yes,0,14,2,0,1,2,93.33,2024-11-09,25,Complex,47.0,23.142857142857142,28.500000000000004,1,0
ID173,59,1,4.76,2,0,426,0,3,99,Yes,2,34,2,2,1,2,95.75,2023-11-27,27,Complex,54.5,142.0,36.18,1,2
ID174,86,1,3.51,15,1,69,1,2,71,No,1,75,0,0,0,0,95.35,2023-11-16,13,Complex,39.5,4.3125,22.75,1,0
ID175,28,3,2.34,14,2,124,1,1,85,No,0,52,1,2,1,2,80.79,2023-07-14,19,Complex,49.5,8.266666666666667,28.88,1,6
ID176,66,4,1.56,20,1,449,0,5,20,No,1,43,2,1,1,1,90.62,2023-12-29,24,Complex,23.0,21.38095238095238,34.32,1,4
ID177,42,1,4.18,11,1,292,1,6,98,Yes,1,25,1,2,2,2,79.39,2024-03-29,6,Complex,57.0,24.333333333333332,7.5,1,2
ID178,45,4,3.48,3,0,272,1,4,27,Yes,1,46,2,2,2,1,71.83,2023-04-15,29,Complex,25.5,68.0,42.339999999999996,1,8
ID179,62,3,3.13,17,2,119,0,5,28,No,1,33,1,1,1,1,91.05,2024-09-23,17,Complex,25.0,6.611111111111111,22.61,1,3
ID180,57,1,4.58,12,0,361,0,4,96,Yes,0,86,2,2,1,2,70.29,2024-06-26,6,Complex,54.0,27.76923076923077,11.16,1,2
ID181,6,4,4.15,15,0,260,1,3,64,No,0,94,0,0,2,0,82.28,2024-02-11,23,Complex,43.0,16.25,44.62,1,0
ID182,28,1,1.61,16,2,150,1,4,91,No,0,49,0,0,2,1,79.88,2024-05-12,6,Complex,51.5,8.823529411764707,8.94,1,0
ID183,28,3,2.25,5,2,235,0,3,35,Yes,1,83,1,0,2,0,90.8,2024-06-09,7,Complex,26.5,39.166666666666664,12.81,1,0
ID184,44,4,1.99,20,1,181,1,1,15,Yes,1,11,2,0,0,2,92.99,2024-06-22,10,Complex,16.5,8.619047619047619,11.100000000000001,1,0
ID185,84,1,3.98,6,2,160,1,4,13,No,1,86,2,2,0,1,79.12,2024-09-08,7,Complex,12.5,22.857142857142858,13.02,1,2
ID186,30,3,1.13,19,1,430,1,5,38,No,0,3,1,2,2,2,94.35,2024-03-10,14,Complex,30.0,21.5,14.42,1,6
ID187,62,1,3.28,5,1,181,1,3,68,No,1,86,2,1,1,0,78.82,2024-10-27,28,Complex,39.0,30.166666666666668,52.08,1,1
ID188,75,1,4.05,3,1,69,1,5,26,No,2,47,1,2,2,2,83.39,2024-02-04,10,Complex,20.0,17.25,14.7,1,2
ID189,92,2,4.51,1,2,443,1,2,52,Yes,1,54,2,2,0,2,91.81,2024-03-11,27,Complex,32.0,221.5,41.58,1,4
ID190,89,2,2.37,6,0,73,1,3,89,No,2,0,1,2,1,1,90.79,2023-08-04,20,Complex,51.5,10.428571428571429,20.0,1,4
ID191,62,3,4.29,15,1,276,0,4,75,No,1,88,2,1,0,2,99.62,2023-08-03,21,Complex,47.5,17.25,39.48,1,3
ID192,97,2,1.44,2,0,203,0,3,43,No,0,65,1,0,1,2,76.75,2023-11-03,23,Complex,28.5,67.66666666666667,37.949999999999996,1,0
ID193,1,3,4.39,3,0,342,0,5,17,Yes,1,29,2,2,0,2,89.87,2023-11-18,7,Complex,19.5,85.5,9.030000000000001,1,6
ID194,27,2,1.51,17,2,279,0,1,22,Yes,2,2,0,1,1,1,88.29,2023-11-05,22,Simple,16.0,15.5,22.44,1,2
ID195,62,1,2.59,12,0,359,0,3,17,No,2,20,2,1,1,0,97.45,2023-10-26,11,Complex,13.5,27.615384615384617,13.2,1,1
ID196,77,3,4.19,18,0,408,1,4,74,Yes,1,88,1,1,1,0,74.69,2023-05-11,13,Complex,47.0,21.473684210526315,24.439999999999998,1,3
ID197,3,3,1.6,15,2,454,1,2,52,Yes,2,83,0,0,1,2,92.55,2024-03-08,24,Complex,34.0,28.375,43.92,1,0
ID198,70,1,1.92,12,1,251,1,6,48,Yes,2,48,2,2,0,1,87.05,2024-11-20,16,Complex,32.0,19.307692307692307,23.68,1,2
ID199,72,3,3.89,16,0,87,1,1,90,No,0,85,0,1,0,2,78.24,2023-03-28,9,Complex,52.0,5.117647058823529,16.650000000000002,1,3
ID200,27,3,3.88,8,2,479,0,2,68,No,1,84,2,0,1,0,84.23,2024-05-18,7,Complex,42.0,53.22222222222222,12.879999999999999,1,0
ID201,9,2,3.56,14,0,309,1,3,93,Yes,1,61,0,1,1,1,80.01,2023-07-14,15,Simple,53.5,20.6,24.15,1,2
ID202,62,3,3.78,17,0,237,1,5,97,No,1,96,1,1,0,0,87.38,2024-09-04,29,Complex,59.5,13.166666666666666,56.839999999999996,1,3
ID203,37,4,3.17,8,1,106,0,5,95,No,2,37,2,1,1,0,96.67,2023-04-29,8,Complex,60.5,11.777777777777779,10.96,1,4
ID204,97,1,2.01,15,0,478,1,4,95,Yes,1,14,2,1,1,1,87.08,2023-09-23,9,Complex,53.5,29.875,10.260000000000002,1,1
ID205,51,2,2.38,14,2,69,1,5,53,Yes,1,51,1,1,1,1,88.95,2023-10-24,5,Complex,35.5,4.6,7.55,1,2
ID206,44,2,1.73,18,0,322,0,1,18,No,0,78,0,0,2,2,85.56,2024-11-06,22,Simple,14.0,16.94736842105263,39.160000000000004,1,0
ID207,24,4,4.63,20,1,168,1,5,46,Yes,0,45,1,2,1,2,71.53,2024-01-31,16,Complex,36.0,8.0,23.2,1,8
ID208,79,1,3.33,7,1,120,1,4,83,No,0,24,1,2,2,0,76.99,2023-03-31,17,Complex,47.5,15.0,21.08,1,2
ID209,59,1,2.6,3,2,53,1,6,45,No,2,20,0,2,1,1,84.76,2023-11-11,13,Complex,30.5,13.25,15.6,1,2
ID210,32,2,2.85,12,1,270,1,3,37,Yes,1,87,1,2,0,1,79.31,2024-03-22,6,Simple,25.5,20.76923076923077,11.22,1,4
ID211,96,3,4.79,3,0,63,1,3,51,No,0,4,2,0,2,2,75.45,2024-04-18,9,Complex,34.5,15.75,9.36,1,0
ID212,88,2,1.61,20,1,52,0,5,52,No,0,69,2,0,2,0,85.12,2024-05-23,17,Complex,35.0,2.4761904761904763,28.73,1,0
ID213,52,1,3.34,14,2,265,0,2,94,Yes,0,46,2,0,1,0,79.68,2024-05-31,20,Complex,51.0,17.666666666666668,29.2,1,0
ID214,62,4,3.02,15,1,278,0,3,97,Yes,1,86,1,1,1,2,77.74,2024-09-20,20,Complex,59.5,17.375,37.199999999999996,1,4
ID215,58,2,3.45,14,1,385,0,6,51,Yes,1,67,2,1,2,1,83.92,2023-08-06,28,Complex,35.5,25.666666666666668,46.76,1,2
ID216,52,1,1.07,7,1,235,0,5,75,No,1,90,2,1,0,2,74.0,2024-10-01,7,Complex,44.5,29.375,13.299999999999999,1,1
ID217,12,2,4.49,17,2,104,0,4,64,Yes,2,17,2,2,0,2,97.83,2024-06-02,26,Complex,40.0,5.777777777777778,30.419999999999998,1,4
ID218,39,3,4.73,12,1,437,1,6,81,Yes,2,20,2,1,1,2,96.03,2024-11-20,8,Complex,52.5,33.61538461538461,9.6,1,3
ID219,2,2,3.26,20,1,425,0,5,57,Yes,0,91,2,2,0,2,91.23,2023-07-17,15,Complex,37.5,20.238095238095237,28.650000000000002,1,4
ID220,3,2,3.79,4,0,303,0,6,31,Yes,1,98,2,1,0,1,73.19,2023-07-20,27,Complex,25.5,60.6,53.46,1,2
ID221,56,1,4.69,9,2,73,1,3,36,No,0,85,1,2,1,2,93.28,2022-12-18,18,Complex,23.0,7.3,33.300000000000004,1,2
ID222,81,1,3.83,6,1,211,1,4,76,No,1,22,2,1,0,1,94.24,2023-08-05,7,Complex,44.0,30.142857142857142,8.54,1,1
ID223,59,1,1.61,16,2,207,0,5,22,Yes,1,63,2,1,1,2,93.03,2024-01-25,20,Complex,18.0,12.176470588235293,32.599999999999994,1,1
ID224,2,2,3.31,2,1,131,1,1,54,No,1,66,0,0,2,0,73.42,2024-04-01,26,Simple,32.0,43.666666666666664,43.160000000000004,1,0
ID225,2,3,3.43,8,1,452,0,4,19,Yes,2,39,1,1,1,1,89.32,2024-11-19,19,Complex,19.5,50.22222222222222,26.410000000000004,1,3
ID226,92,4,2.7,11,1,208,1,1,18,Yes,2,9,1,1,2,0,95.03,2024-09-16,14,Complex,18.0,17.333333333333332,15.260000000000002,1,4
ID227,54,4,3.95,13,0,237,0,6,63,No,1,88,1,0,2,2,87.32,2024-02-04,13,Complex,45.5,16.928571428571427,24.439999999999998,1,0
ID228,87,1,4.74,17,0,109,1,2,36,No,0,51,1,2,0,2,89.39,2023-05-24,15,Complex,22.0,6.055555555555555,22.65,1,2
ID229,96,1,4.7,8,0,452,1,4,43,Yes,1,71,2,0,0,2,83.75,2024-08-18,20,Complex,27.5,50.22222222222222,34.2,1,0
ID230,97,2,2.8,18,2,354,0,6,10,Yes,1,74,2,0,0,1,85.86,2024-10-04,14,Complex,15.0,18.63157894736842,24.36,1,0
ID231,1,4,1.45,18,2,368,0,1,41,No,0,60,0,2,1,0,71.03,2023-09-13,21,Complex,29.5,19.36842105263158,33.6,1,8
ID232,19,1,4.94,14,0,415,0,3,98,Yes,1,63,0,1,0,1,89.17,2024-04-11,23,Simple,54.0,27.666666666666668,37.489999999999995,1,1
ID233,2,3,4.36,15,2,260,0,3,80,No,0,4,1,2,2,1,72.44,2024-01-13,6,Complex,49.0,16.25,6.24,1,6
ID234,53,3,1.5,6,1,455,0,2,76,Yes,2,52,0,1,0,2,83.05,2024-03-16,28,Complex,46.0,65.0,42.56,1,3
ID235,44,1,4.68,11,1,201,1,4,93,Yes,2,54,0,1,0,0,78.78,2024-06-26,27,Complex,52.5,16.75,41.58,1,1
ID236,90,1,4.48,13,1,158,0,4,29,No,0,36,1,2,1,2,86.36,2023-09-13,6,Complex,20.5,11.285714285714286,8.16,1,2
ID237,32,4,3.08,1,0,125,0,4,44,No,2,55,1,0,1,1,74.0,2023-09-28,10,Complex,34.0,62.5,15.5,1,0
ID238,70,4,3.37,6,2,79,1,6,99,No,2,58,0,2,2,2,90.75,2024-07-24,23,Complex,63.5,11.285714285714286,36.34,1,8
ID239,32,2,2.6,9,0,363,1,2,87,No,0,92,2,1,1,0,93.85,2024-03-06,12,Simple,49.5,36.3,23.04,1,2
ID240,68,4,1.22,8,2,166,0,4,26,No,2,68,0,2,0,2,74.9,2024-02-21,7,Complex,25.0,18.444444444444443,11.760000000000002,1,8
ID241,55,3,2.34,11,1,464,1,6,27,No,1,72,0,2,1,0,73.13,2023-02-20,18,Complex,25.5,38.666666666666664,30.96,1,6
ID242,75,3,4.21,19,0,405,1,3,54,No,1,58,2,1,2,0,74.37,2024-09-19,29,Complex,36.0,20.25,45.82,1,3
ID243,56,1,1.02,9,2,241,0,1,93,Yes,0,1,2,0,0,2,96.31,2024-02-01,20,Complex,49.5,24.1,20.2,1,0
ID244,17,4,2.33,17,2,68,1,6,62,Yes,2,64,1,2,2,1,85.85,2024-10-08,5,Complex,45.0,3.7777777777777777,8.200000000000001,1,8
ID245,38,2,2.59,12,1,481,1,3,91,Yes,1,59,1,1,1,2,84.02,2024-11-08,25,Simple,52.5,37.0,39.75,1,2
ID246,24,3,3.15,14,0,222,0,3,77,No,1,50,0,1,1,1,73.2,2024-07-29,7,Complex,47.5,14.8,10.5,1,3
ID247,69,3,4.68,15,0,277,0,1,74,No,2,29,2,2,2,1,89.49,2024-11-18,26,Complex,44.0,17.3125,33.54,1,6
ID248,98,2,2.39,16,0,399,1,3,10,No,2,10,1,0,0,2,96.04,2024-01-03,22,Complex,12.0,23.470588235294116,24.200000000000003,1,0
ID249,70,2,2.39,20,1,232,1,2,67,Yes,1,91,0,2,1,1,94.85,2024-11-05,13,Complex,39.5,11.047619047619047,24.830000000000002,1,4
ID250,86,3,3.95,1,0,162,0,1,35,No,1,75,2,0,1,1,88.78,2023-06-05,10,Complex,24.5,81.0,17.5,1,0
ID251,11,3,2.81,10,1,232,1,3,29,No,0,38,0,0,0,2,72.26,2023-04-06,27,Complex,23.5,21.09090909090909,37.26,1,0
ID252,16,2,1.9,8,1,195,1,5,96,Yes,0,89,1,0,1,2,73.37,2023-11-04,25,Complex,57.0,21.666666666666668,47.25,1,0
ID253,97,3,2.81,18,1,368,1,6,19,No,1,76,1,0,2,2,71.48,2024-12-04,29,Complex,21.5,19.36842105263158,51.04,1,0
ID254,73,1,1.56,1,2,165,0,3,68,Yes,0,71,2,2,1,1,77.72,2023-03-22,5,Complex,39.0,82.5,8.55,1,2
ID255,59,1,1.71,2,0,162,1,2,84,Yes,1,62,0,1,1,0,74.07,2024-08-27,25,Complex,46.0,54.0,40.5,1,1
ID256,70,2,2.99,1,0,300,1,4,50,No,1,63,2,1,0,1,77.8,2023-05-10,14,Complex,33.0,150.0,22.82,1,2
ID257,80,4,2.68,1,1,300,0,3,14,No,0,60,1,1,2,0,81.55,2024-11-20,10,Complex,18.0,150.0,16.0,1,4
ID258,93,2,4.66,9,1,352,1,4,74,No,0,53,1,1,0,2,98.29,2024-08-09,27,Complex,45.0,35.2,41.31,1,2
ID259,3,2,2.45,13,0,362,1,5,26,Yes,2,91,0,1,1,0,88.31,2023-07-06,16,Complex,22.0,25.857142857142858,30.560000000000002,1,2
ID260,20,4,3.32,1,1,167,0,3,31,Yes,2,93,0,1,1,2,95.05,2023-12-16,8,Complex,26.5,83.5,15.440000000000001,1,4
ID261,59,4,3.53,13,0,350,0,1,50,Yes,2,72,0,2,0,2,91.31,2024-04-23,17,Complex,34.0,25.0,29.24,1,8
ID262,36,4,1.05,20,2,210,0,4,77,No,1,94,2,0,0,0,73.38,2023-07-29,21,Complex,50.5,10.0,40.74,1,0
ID263,19,1,3.65,7,1,450,0,5,78,No,0,57,0,1,0,2,92.08,2023-02-28,12,Complex,46.0,56.25,18.839999999999996,1,1
ID264,90,3,1.71,2,0,247,1,1,20,No,1,84,0,2,2,0,78.25,2023-10-15,24,Complex,17.0,82.33333333333333,44.16,1,6
ID265,67,1,4.84,6,1,309,1,1,65,No,0,55,1,1,1,2,89.17,2024-03-17,7,Complex,35.5,44.142857142857146,10.85,1,1
ID266,19,3,1.59,7,0,197,0,1,60,Yes,1,33,1,1,0,1,80.23,2024-06-07,16,Complex,37.0,24.625,21.28,1,3
ID267,20,1,2.66,14,0,289,0,1,30,Yes,2,30,0,0,1,1,99.93,2022-12-26,11,Simple,18.0,19.266666666666666,14.3,1,0
ID268,96,3,1.34,18,1,96,1,3,85,Yes,2,51,0,0,2,2,77.91,2024-08-03,16,Complex,51.5,5.052631578947368,24.16,1,0
ID269,71,1,4.99,15,2,448,0,6,35,Yes,2,88,1,0,2,2,78.37,2023-12-24,6,Complex,25.5,28.0,11.28,1,0
ID270,52,4,3.01,2,0,247,1,3,28,No,1,75,0,1,2,0,97.92,2023-07-16,28,Complex,25.0,82.33333333333333,49.0,1,4
ID271,33,2,3.38,10,0,96,0,3,69,No,0,0,2,1,2,1,70.74,2024-05-09,18,Simple,41.5,8.727272727272727,18.0,1,2
ID272,40,1,1.27,12,0,127,1,5,80,No,0,54,2,1,1,0,90.9,2024-05-28,26,Complex,47.0,9.76923076923077,40.04,1,1
ID273,39,3,4.0,17,2,173,0,5,56,Yes,2,21,2,0,2,2,91.76,2022-12-10,27,Complex,39.0,9.61111111111111,32.67,1,0
ID274,82,4,1.84,8,2,124,0,6,80,Yes,2,39,0,2,2,2,95.09,2024-02-22,9,Complex,54.0,13.777777777777779,12.510000000000002,1,8
ID275,1,1,4.59,11,1,408,1,5,35,No,2,100,1,1,0,0,99.23,2023-10-23,13,Complex,24.5,34.0,26.0,1,1
ID276,11,1,1.82,3,2,186,0,2,49,No,2,0,0,1,2,2,99.27,2023-03-30,25,Simple,28.5,46.5,25.0,1,1
ID277,92,4,1.76,6,1,139,1,6,14,Yes,0,64,0,1,0,1,71.96,2023-01-11,15,Complex,21.0,19.857142857142858,24.6,1,4
ID278,57,1,1.15,9,1,449,1,5,30,No,1,62,1,2,2,0,94.66,2023-10-09,9,Complex,22.0,44.9,14.580000000000002,1,2
ID279,89,2,2.89,6,2,374,1,6,87,Yes,1,53,1,1,2,1,89.39,2024-10-21,7,Complex,53.5,53.42857142857143,10.71,1,2
ID280,50,1,3.26,9,1,110,1,3,13,Yes,1,41,1,2,0,1,89.42,2024-04-19,21,Simple,11.5,11.0,29.61,1,2
ID281,23,2,1.26,7,2,187,1,3,32,Yes,1,20,2,1,2,1,73.85,2024-01-01,6,Simple,23.0,23.375,7.199999999999999,1,2
ID282,31,2,4.1,9,1,99,0,6,93,No,2,78,0,2,1,0,89.51,2024-05-22,28,Complex,56.5,9.9,49.84,1,4
ID283,94,4,2.81,18,2,308,0,2,24,No,2,80,1,1,1,2,99.47,2023-09-07,5,Complex,22.0,16.210526315789473,9.0,1,4
ID284,42,1,3.1,12,2,156,1,2,17,Yes,2,21,0,0,2,1,97.35,2024-09-27,11,Simple,12.5,12.0,13.309999999999999,1,0
ID285,99,4,2.76,8,1,162,0,6,50,No,1,37,2,0,1,1,83.17,2023-09-03,18,Complex,39.0,18.0,24.660000000000004,1,0
ID286,7,1,2.6,8,0,399,1,5,28,Yes,2,98,2,0,0,1,71.2,2023-10-31,9,Complex,21.0,44.333333333333336,17.82,1,0
ID287,16,1,3.24,18,1,303,0,4,55,Yes,2,79,1,0,2,2,80.87,2024-09-21,23,Complex,33.5,15.947368421052632,41.17,1,0
ID288,90,3,1.62,20,2,167,0,2,37,Yes,0,7,1,1,2,2,94.79,2023-09-06,15,Complex,26.5,7.9523809523809526,16.05,1,3
ID289,60,1,1.73,15,0,247,0,1,77,Yes,0,61,0,0,0,0,91.04,2023-08-10,27,Complex,41.5,15.4375,43.47,1,0
ID290,2,4,4.45,7,1,386,0,3,24,No,2,46,1,2,0,2,83.78,2023-03-11,29,Complex,23.0,48.25,42.339999999999996,1,8
ID291,1,2,4.78,11,1,414,1,6,46,Yes,0,16,0,0,0,0,71.65,2023-07-24,6,Complex,33.0,34.5,6.959999999999999,1,0
ID292,48,1,2.49,20,1,100,1,1,10,Yes,0,16,1,0,2,0,82.81,2023-11-24,12,Simple,8.0,4.761904761904762,13.919999999999998,1,0
ID293,12,3,2.08,16,0,294,0,6,76,No,2,89,0,0,0,0,84.07,2023-04-27,13,Complex,50.0,17.294117647058822,24.57,1,0
ID294,69,4,3.58,4,2,452,0,3,33,Yes,2,12,0,1,0,0,97.86,2023-03-06,7,Complex,27.5,90.4,7.840000000000001,1,4
ID295,37,1,2.63,6,1,475,1,3,36,Yes,2,16,0,0,1,0,89.23,2024-02-24,6,Simple,23.0,67.85714285714286,6.959999999999999,1,0
ID296,32,4,1.1,3,1,84,0,2,49,No,2,37,0,2,1,1,79.35,2023-02-21,11,Complex,34.5,21.0,15.07,1,8
ID297,9,3,1.62,9,1,351,1,2,72,No,1,80,2,0,2,2,85.76,2023-06-17,9,Complex,44.0,35.1,16.2,1,0
ID298,99,3,3.86,10,1,459,1,1,70,No,1,77,0,0,1,1,71.98,2023-07-14,25,Complex,42.0,41.72727272727273,44.25,1,0
ID299,19,4,3.64,14,1,118,1,6,45,Yes,2,44,1,0,1,0,99.18,2023-06-23,9,Complex,36.5,7.866666666666666,12.959999999999999,1,0
ID300,48,1,1.11,11,2,398,0,3,33,No,0,5,2,2,0,2,80.8,2024-10-08,24,Simple,21.5,33.166666666666664,25.200000000000003,1,2
ID301,80,2,1.89,18,2,369,1,1,33,No,2,34,2,0,0,1,84.34,2024-07-30,17,Complex,21.5,19.42105263157895,22.78,1,0
ID302,3,3,1.92,12,1,470,0,4,13,Yes,2,13,0,2,1,1,80.66,2023-11-30,25,Complex,16.5,36.15384615384615,28.249999999999996,1,6
ID303,20,1,3.69,12,0,98,1,1,76,Yes,0,71,2,2,1,0,90.48,2024-09-15,24,Simple,41.0,7.538461538461538,41.04,1,2
ID304,24,1,1.08,13,2,454,0,5,43,Yes,1,60,0,0,1,1,89.87,2024-06-03,10,Complex,28.5,32.42857142857143,16.0,1,0
ID305,54,2,1.42,13,0,123,0,1,66,Yes,2,14,1,2,2,1,91.46,2023-06-02,24,Complex,38.0,8.785714285714286,27.360000000000003,1,4
ID306,33,3,4.2,19,2,241,0,5,58,Yes,2,53,0,1,2,1,78.04,2023-01-30,22,Complex,40.0,12.05,33.660000000000004,1,3
ID307,24,3,1.71,19,1,310,1,5,96,No,1,26,2,0,2,1,79.47,2023-11-20,29,Complex,59.0,15.5,36.54,1,0
ID308,75,1,3.61,14,2,405,1,5,62,No,1,12,1,0,1,1,73.76,2023-02-21,6,Complex,38.0,27.0,6.720000000000001,1,0
ID309,72,1,1.95,4,1,119,0,4,32,No,0,30,0,2,1,0,89.67,2024-08-27,29,Complex,22.0,23.8,37.7,1,2
ID310,36,2,1.4,13,2,139,0,1,78,Yes,1,34,1,2,2,0,71.19,2023-04-20,10,Simple,44.0,9.928571428571429,13.4,1,4
ID311,38,2,1.97,8,1,309,0,1,62,Yes,1,59,1,0,2,1,87.93,2024-04-15,13,Simple,36.0,34.333333333333336,20.669999999999998,1,0
ID312,84,3,3.89,19,1,175,1,4,71,Yes,1,5,2,1,1,0,96.09,2024-01-16,29,Complex,45.5,8.75,30.450000000000003,1,3
ID313,99,4,4.42,12,1,280,1,3,50,No,0,68,1,2,0,0,96.72,2023-11-02,7,Complex,36.0,21.53846153846154,11.760000000000002,1,8
ID314,89,3,4.32,18,1,344,1,2,66,No,1,85,2,2,2,2,83.47,2024-03-18,5,Complex,41.0,18.105263157894736,9.25,1,6
ID315,99,1,2.59,6,0,468,1,1,69,Yes,1,57,1,1,1,1,83.78,2024-07-02,5,Complex,37.5,66.85714285714286,7.85,1,1
ID316,25,3,3.67,18,1,178,0,2,63,No,0,48,0,1,1,0,72.31,2022-12-12,23,Complex,39.5,9.368421052631579,34.04,1,3
ID317,93,4,1.82,19,0,329,0,6,79,Yes,1,22,1,0,0,0,90.12,2023-04-08,9,Complex,53.5,16.45,10.98,1,0
ID318,18,2,2.17,5,0,362,1,6,66,No,1,88,0,1,1,1,94.64,2024-03-06,17,Complex,43.0,60.333333333333336,31.959999999999997,1,2
ID319,82,4,4.59,9,1,149,1,4,19,No,0,33,0,0,1,2,77.34,2023-07-07,23,Complex,21.5,14.9,30.590000000000003,1,0
ID320,66,4,1.05,3,0,375,0,6,49,No,2,25,1,1,2,1,82.64,2023-03-10,16,Complex,38.5,93.75,20.0,1,4
ID321,54,4,1.34,10,2,346,1,6,16,Yes,0,46,0,2,2,2,95.17,2023-03-10,20,Complex,22.0,31.454545454545453,29.2,1,8
ID322,35,2,1.83,19,1,231,1,3,47,No,1,4,1,0,0,1,96.31,2023-11-01,29,Simple,30.5,11.55,30.16,1,0
ID323,80,4,1.11,3,0,223,1,3,94,No,1,89,1,0,0,1,77.3,2023-05-02,29,Complex,58.0,55.75,54.81,1,0
ID324,61,4,1.73,15,1,365,1,3,70,Yes,1,19,0,0,1,1,86.52,2023-12-24,23,Complex,46.0,22.8125,27.369999999999997,1,0
ID325,41,4,3.33,1,1,413,1,6,93,No,0,5,0,1,2,1,75.77,2024-07-21,7,Complex,60.5,206.5,7.3500000000000005,1,4
ID326,100,1,2.69,7,1,237,1,4,12,Yes,1,69,2,2,0,2,73.06,2024-12-03,16,Complex,12.0,29.625,27.04,1,2
ID327,33,4,4.57,12,0,106,0,5,60,Yes,1,58,0,0,0,2,97.33,2024-10-07,9,Complex,43.0,8.153846153846153,14.22,1,0
ID328,68,2,4.27,17,2,80,1,5,95,Yes,0,63,2,0,0,0,94.62,2022-12-12,6,Complex,56.5,4.444444444444445,9.78,1,0
ID329,33,4,2.37,20,2,133,1,2,56,Yes,2,17,0,0,1,1,92.8,2024-02-01,26,Complex,38.0,6.333333333333333,30.419999999999998,1,0
ID330,14,4,2.04,5,0,201,0,5,77,Yes,2,3,1,0,2,2,71.46,2023-12-26,11,Complex,51.5,33.5,11.33,1,0
ID331,21,2,2.52,4,1,85,0,5,85,No,1,16,0,2,0,2,95.31,2024-02-10,17,Complex,51.5,17.0,19.72,1,4
ID332,48,4,3.36,12,0,262,0,3,47,Yes,0,13,1,1,2,2,83.14,2024-08-29,29,Complex,34.5,20.153846153846153,32.769999999999996,1,4
ID333,20,2,2.07,20,0,463,1,3,45,Yes,1,77,1,2,0,1,80.27,2023-01-26,19,Simple,29.5,22.047619047619047,33.63,1,4
ID334,8,4,3.5,18,0,457,0,6,50,Yes,0,12,1,0,0,0,86.39,2024-11-18,26,Complex,39.0,24.05263157894737,29.120000000000005,1,0
ID335,7,2,2.64,17,1,413,1,2,78,Yes,0,6,2,2,2,2,72.74,2023-05-08,7,Simple,45.0,22.944444444444443,7.42,1,4
ID336,67,4,3.21,19,0,155,1,1,22,No,2,43,0,0,2,1,92.7,2023-11-01,25,Complex,20.0,7.75,35.75,1,0
ID337,17,4,2.74,9,1,463,1,2,96,Yes,2,14,1,1,2,2,87.47,2024-10-24,24,Complex,58.0,46.3,27.360000000000003,1,4
ID338,33,1,2.18,4,0,391,0,2,67,No,0,18,1,1,1,2,75.6,2024-11-20,9,Simple,37.5,78.2,10.62,1,1
ID339,48,1,4.79,2,2,269,0,4,59,Yes,1,62,2,1,0,0,75.65,2023-07-11,28,Complex,35.5,89.66666666666667,45.36,1,1
ID340,76,4,4.05,4,0,440,0,6,39,No,2,34,0,0,1,2,75.53,2024-10-29,12,Complex,33.5,88.0,16.080000000000002,1,0
ID341,59,4,1.56,2,0,212,0,4,71,Yes,1,80,0,2,2,2,71.71,2023-12-25,26,Complex,47.5,70.66666666666667,46.800000000000004,1,8
ID342,86,3,4.47,15,2,488,0,2,34,Yes,2,34,2,1,0,1,87.63,2024-08-29,5,Complex,25.0,30.5,6.7,1,3
ID343,22,2,2.95,2,1,269,1,2,36,No,2,18,2,0,1,1,95.21,2024-09-15,12,Simple,24.0,89.66666666666667,14.16,1,0
ID344,30,3,4.58,4,1,319,1,2,60,Yes,1,19,0,0,0,0,70.52,2024-02-02,28,Complex,38.0,63.8,33.32,1,0
ID345,38,1,4.2,6,0,169,1,5,87,No,2,99,2,2,1,1,71.47,2024-03-13,22,Complex,50.5,24.142857142857142,43.78,1,2
ID346,51,1,2.7,7,2,443,1,4,66,Yes,2,34,0,1,2,1,87.18,2024-08-26,24,Complex,39.0,55.375,32.160000000000004,1,1
ID347,54,1,1.09,10,1,385,0,2,56,No,1,31,0,0,1,0,94.58,2023-06-08,20,Complex,32.0,35.0,26.200000000000003,1,0
ID348,8,1,2.07,19,0,449,0,3,48,Yes,2,47,1,2,0,2,79.8,2023-03-27,22,Simple,29.0,22.45,32.339999999999996,1,2
ID349,27,4,3.17,19,2,231,1,6,25,Yes,2,43,1,1,0,0,80.49,2024-08-29,24,Complex,26.5,11.55,34.32,1,4
ID350,27,1,3.53,12,1,155,0,6,31,No,2,23,0,2,0,1,87.89,2024-07-18,16,Complex,23.5,11.923076923076923,19.68,1,2
ID351,98,4,2.03,3,1,266,0,3,94,Yes,1,60,0,2,0,0,78.23,2024-11-26,17,Complex,58.0,66.5,27.200000000000003,1,8
ID352,21,4,1.56,13,2,254,1,6,63,Yes,0,16,0,0,2,2,70.8,2023-02-10,17,Complex,45.5,18.142857142857142,19.72,1,0
ID353,30,1,4.34,18,2,119,1,5,30,Yes,1,70,0,0,1,0,92.06,2024-02-24,14,Complex,22.0,6.2631578947368425,23.8,1,0
ID354,97,1,4.94,8,2,93,0,5,81,Yes,0,49,0,0,2,1,88.77,2024-09-18,11,Complex,47.5,10.333333333333334,16.39,1,0
ID355,28,2,3.1,15,2,378,0,1,25,Yes,2,64,0,2,2,1,87.42,2023-11-10,29,Simple,17.5,23.625,47.56,1,4
ID356,64,3,1.69,1,0,350,1,1,68,Yes,0,98,2,0,2,0,92.25,2024-01-07,18,Complex,41.0,175.0,35.64,1,0
ID357,97,1,2.09,3,2,277,1,1,40,No,1,31,0,2,0,2,90.26,2023-08-27,28,Complex,23.0,69.25,36.68,1,2
ID358,69,2,1.07,8,1,233,1,6,51,No,1,35,2,2,0,0,76.18,2023-03-29,20,Complex,35.5,25.88888888888889,27.0,1,4
ID359,61,2,4.66,4,1,156,0,5,83,No,2,12,2,0,0,2,80.57,2023-07-27,19,Complex,50.5,31.2,21.28,1,0
ID360,48,3,1.47,16,0,133,1,5,41,Yes,0,69,0,1,1,2,73.78,2023-10-01,16,Complex,31.5,7.823529411764706,27.04,1,3
ID361,19,4,3.31,10,1,387,1,5,68,No,2,57,0,1,0,0,73.9,2024-08-25,13,Complex,47.0,35.18181818181818,20.409999999999997,1,4
ID362,4,1,2.1,12,1,299,0,3,43,Yes,2,13,2,1,1,2,90.29,2023-11-02,12,Simple,26.5,23.0,13.559999999999999,1,1
ID363,35,3,3.22,14,2,412,0,5,18,Yes,1,36,2,2,0,1,95.76,2024-05-29,22,Complex,20.0,27.466666666666665,29.919999999999998,1,6
ID364,64,1,3.61,14,1,490,0,3,90,Yes,0,78,0,2,0,0,98.88,2023-02-15,27,Complex,50.0,32.666666666666664,48.06,1,2
ID365,49,2,4.32,2,0,70,0,1,20,Yes,0,67,0,2,2,2,88.85,2023-10-26,22,Simple,15.0,23.333333333333332,36.739999999999995,1,4
ID366,17,2,1.83,5,2,245,0,1,19,No,0,39,2,0,2,1,75.52,2024-06-10,17,Simple,14.5,40.833333333333336,23.630000000000003,1,0
ID367,44,4,1.04,5,2,227,1,6,95,Yes,0,58,2,2,2,0,73.17,2024-10-04,22,Complex,61.5,37.833333333333336,34.760000000000005,1,8
ID368,92,2,1.55,6,0,466,1,1,26,No,2,79,2,0,1,1,94.39,2023-04-20,19,Complex,18.0,66.57142857142857,34.01,1,0
ID369,30,2,4.6,13,2,56,0,6,77,Yes,2,91,1,0,1,1,87.36,2023-10-27,8,Complex,48.5,4.0,15.280000000000001,1,0
ID370,93,3,4.5,9,2,119,0,2,57,No,1,15,2,1,0,1,88.55,2023-07-18,21,Complex,36.5,11.9,24.15,1,3
ID371,46,1,3.39,15,0,176,0,2,61,No,2,61,1,1,1,2,93.44,2024-02-19,9,Simple,34.5,11.0,14.489999999999998,1,1
ID372,6,1,3.4,14,2,448,0,4,34,No,2,3,0,1,0,0,91.1,2023-04-24,26,Complex,23.0,29.866666666666667,26.78,1,1
ID373,99,3,3.66,7,0,209,0,6,30,No,1,44,0,0,1,0,95.03,2024-08-21,20,Complex,27.0,26.125,28.799999999999997,1,0
ID374,37,4,1.7,20,0,297,1,4,74,No,1,89,2,0,1,2,71.69,2024-09-24,13,Complex,49.0,14.142857142857142,24.57,1,0
ID375,24,1,4.66,2,1,252,1,4,72,No,1,27,0,0,1,0,92.43,2023-04-06,14,Complex,42.0,84.0,17.78,1,0
ID376,93,2,2.68,7,1,197,1,2,98,Yes,2,95,0,2,2,1,95.53,2024-06-05,28,Complex,55.0,24.625,54.6,1,4
ID377,46,1,2.53,6,2,192,1,6,60,No,2,65,0,0,1,0,78.58,2023-10-16,22,Complex,38.0,27.428571428571427,36.3,1,0
ID378,53,2,3.08,17,2,481,0,2,45,Yes,1,30,0,1,2,2,89.21,2023-06-28,21,Complex,28.5,26.72222222222222,27.3,1,2
ID379,95,4,1.19,2,0,248,1,4,90,No,1,2,1,1,2,1,79.42,2022-12-25,22,Complex,57.0,82.66666666666667,22.44,1,4
ID380,99,3,1.67,3,2,454,0,6,97,Yes,1,7,1,0,1,2,98.74,2022-12-29,11,Complex,60.5,113.5,11.770000000000001,1,0
ID381,60,1,3.95,5,0,475,0,4,75,No,2,23,2,0,0,1,71.0,2024-11-20,8,Complex,43.5,79.16666666666667,9.84,1,0
ID382,97,3,1.33,5,0,203,0,5,24,No,2,14,2,1,0,1,87.39,2024-08-28,9,Complex,23.0,33.833333333333336,10.260000000000002,1,3
ID383,63,1,3.41,1,2,425,1,6,48,Yes,0,42,2,0,0,0,75.0,2023-11-16,27,Complex,32.0,212.5,38.339999999999996,1,0
ID384,85,2,1.98,8,0,433,0,6,79,No,2,30,0,1,1,1,91.37,2024-03-15,20,Complex,49.5,48.111111111111114,26.0,1,2
ID385,32,3,2.56,12,1,191,1,4,10,No,2,72,0,2,0,2,75.28,2024-11-04,7,Complex,15.0,14.692307692307692,12.04,1,6
ID386,87,1,2.15,4,2,362,1,5,32,No,2,44,1,1,2,0,77.06,2023-11-04,22,Complex,23.0,72.4,31.68,1,1
ID387,33,2,2.42,13,1,214,0,3,48,Yes,1,65,1,2,0,2,84.83,2024-06-13,27,Simple,31.0,15.285714285714286,44.55,1,4
ID388,67,3,3.88,15,2,363,0,2,66,No,2,7,2,0,1,1,97.45,2023-09-25,25,Complex,41.0,22.6875,26.75,1,0
ID389,18,3,2.19,11,0,70,0,4,90,Yes,1,70,1,0,0,2,76.35,2023-12-11,18,Complex,55.0,5.833333333333333,30.599999999999998,1,0
ID390,25,1,3.27,10,2,131,1,6,43,No,0,56,1,2,2,2,74.33,2023-03-30,19,Complex,29.5,11.909090909090908,29.64,1,2
ID391,95,1,2.9,3,1,118,0,2,50,No,0,79,1,0,1,1,92.77,2023-12-27,21,Complex,29.0,29.5,37.59,1,0
ID392,54,1,3.65,14,0,180,1,2,82,Yes,1,98,1,2,0,0,85.02,2024-02-03,5,Complex,45.0,12.0,9.9,1,2
ID393,58,2,4.75,16,2,136,0,2,22,No,1,29,1,0,1,2,97.35,2023-03-24,29,Complex,17.0,8.0,37.410000000000004,1,0
ID394,67,1,3.93,10,2,267,0,3,79,No,1,73,2,1,1,1,74.4,2024-04-04,25,Complex,44.5,24.272727272727273,43.25,1,1
ID395,46,3,1.86,10,2,470,1,1,15,Yes,2,17,2,0,1,0,89.38,2023-03-25,21,Complex,14.5,42.72727272727273,24.57,1,0
ID396,24,3,1.12,12,1,354,1,4,93,No,0,68,1,1,0,0,76.99,2023-06-30,27,Complex,56.5,27.23076923076923,45.36000000000001,1,3
ID397,32,1,2.05,9,1,452,1,1,61,Yes,1,92,2,1,1,0,74.7,2024-07-30,29,Simple,33.5,45.2,55.68,1,1
ID398,47,1,3.38,1,2,420,1,1,12,Yes,2,38,0,2,0,2,90.5,2024-10-29,15,Simple,9.0,210.0,20.7,1,2
ID399,86,4,1.21,5,0,394,1,1,90,Yes,0,59,1,0,2,2,87.81,2023-09-23,21,Complex,54.0,65.66666666666667,33.39,1,0
ID400,23,3,2.99,20,0,390,1,2,72,No,2,97,0,2,0,2,92.64,2022-12-09,18,Complex,44.0,18.571428571428573,35.46,1,6
ID401,66,2,3.39,8,1,433,0,5,58,Yes,0,42,2,0,2,0,79.28,2023-03-03,24,Complex,38.0,48.111111111111114,34.08,1,0
ID402,27,4,2.34,11,0,445,0,2,85,Yes,2,44,2,1,0,2,83.44,2023-05-29,23,Complex,52.5,37.083333333333336,33.12,1,4
ID403,2,1,4.08,12,1,494,1,2,56,No,0,22,0,1,1,1,82.16,2023-03-30,25,Simple,32.0,38.0,30.5,1,1
ID404,90,1,1.43,1,2,474,0,6,64,Yes,0,68,2,0,0,2,99.52,2023-01-11,11,Complex,40.0,237.0,18.48,1,0
ID405,17,3,1.3,20,1,210,1,6,73,No,2,93,1,0,1,2,78.77,2023-11-16,28,Complex,48.5,10.0,54.040000000000006,1,0
ID406,33,1,3.91,11,1,227,0,1,74,No,1,5,0,2,2,0,78.84,2023-02-12,17,Simple,40.0,18.916666666666668,17.85,1,2
ID407,9,2,2.98,5,2,166,0,2,90,No,0,55,1,0,0,2,80.64,2023-12-14,22,Simple,51.0,27.666666666666668,34.1,1,0
ID408,43,3,3.75,15,0,245,1,1,76,No,1,3,0,0,1,1,86.94,2024-01-14,27,Complex,45.0,15.3125,27.810000000000002,1,0
ID409,48,1,2.74,5,1,432,1,6,99,Yes,2,92,2,0,2,0,77.57,2023-12-28,18,Complex,57.5,72.0,34.56,1,0
ID410,39,3,1.99,12,1,376,1,5,24,Yes,1,22,0,2,2,1,97.46,2023-08-11,5,Complex,23.0,28.923076923076923,6.1,1,6
ID411,93,1,4.28,5,2,135,0,4,41,Yes,1,5,0,0,0,0,77.97,2024-02-09,11,Complex,26.5,22.5,11.55,1,0
ID412,42,1,4.2,17,0,338,1,1,77,Yes,1,31,1,1,2,0,96.87,2023-05-22,12,Simple,41.5,18.77777777777778,15.72,1,1
ID413,26,1,3.78,17,1,130,0,5,27,Yes,1,17,2,2,1,2,73.1,2024-10-07,22,Complex,20.5,7.222222222222222,25.74,1,2
ID414,99,2,2.09,12,2,201,1,4,92,No,1,14,1,2,2,1,89.7,2024-06-26,13,Complex,54.0,15.461538461538462,14.820000000000002,1,4
ID415,50,2,3.36,15,1,110,0,3,52,Yes,0,39,2,1,2,0,97.21,2023-10-19,5,Simple,33.0,6.875,6.950000000000001,1,2
ID416,25,3,2.44,15,2,110,0,1,44,Yes,0,95,1,1,1,2,75.06,2024-10-29,26,Complex,29.0,6.875,50.699999999999996,1,3
ID417,24,1,1.37,6,0,403,1,1,87,Yes,0,72,0,1,2,0,99.05,2024-08-10,21,Simple,46.5,57.57142857142857,36.12,1,1
ID418,13,1,4.67,12,0,77,0,3,67,No,2,100,1,0,2,0,83.59,2023-04-12,23,Simple,38.5,5.923076923076923,46.0,1,0
ID419,60,2,1.55,20,0,491,0,3,42,No,1,73,2,1,2,0,98.37,2023-03-30,10,Complex,28.0,23.38095238095238,17.3,1,2
ID420,7,1,4.8,18,0,92,1,1,23,Yes,0,83,2,0,2,0,90.3,2024-10-31,7,Simple,14.5,4.842105263157895,12.81,1,0
ID421,57,2,2.78,14,1,218,0,3,43,No,2,5,0,2,1,0,79.05,2024-11-19,28,Complex,28.5,14.533333333333333,29.400000000000002,1,4
ID422,36,1,1.74,2,1,472,1,2,70,Yes,0,62,2,2,2,0,75.65,2024-08-18,9,Simple,39.0,157.33333333333334,14.580000000000002,1,2
ID423,45,3,3.17,9,0,135,1,4,13,Yes,0,66,1,1,1,2,79.11,2023-01-16,6,Complex,16.5,13.5,9.96,1,3
ID424,20,1,4.49,5,0,226,1,4,97,No,1,10,0,0,2,0,72.79,2023-05-04,24,Complex,54.5,37.666666666666664,26.400000000000002,1,0
ID425,65,1,3.93,20,0,66,1,4,68,No,2,42,2,1,2,1,74.32,2023-04-23,29,Complex,40.0,3.142857142857143,41.18,1,1
ID426,8,4,4.23,1,1,147,0,2,38,Yes,1,16,2,1,2,2,73.14,2023-09-24,8,Complex,29.0,73.5,9.28,1,4
ID427,16,2,3.64,3,0,247,0,3,92,Yes,1,95,1,0,2,1,82.69,2024-04-20,14,Simple,53.0,61.75,27.3,1,0
ID428,14,1,3.77,6,0,147,0,5,15,No,0,3,1,1,1,0,93.87,2024-08-04,14,Complex,14.5,21.0,14.42,1,1
ID429,76,1,4.4,5,0,114,1,3,58,Yes,1,62,0,2,1,1,74.24,2023-08-21,28,Complex,34.0,19.0,45.36,1,2
ID430,87,4,2.0,5,2,379,0,1,49,No,2,67,2,1,1,0,73.91,2024-03-01,25,Complex,33.5,63.166666666666664,41.75,1,4
ID431,15,4,2.96,1,0,390,0,6,92,Yes,1,80,1,0,0,0,89.3,2024-05-19,15,Complex,60.0,195.0,27.0,1,0
ID432,92,2,1.88,17,2,54,1,4,74,No,1,40,0,0,2,2,75.92,2024-05-04,20,Complex,45.0,3.0,28.0,1,0
ID433,98,4,4.95,19,2,51,1,3,78,Yes,1,82,2,2,2,2,72.93,2023-07-16,21,Complex,50.0,2.55,38.22,1,8
ID434,66,3,4.78,14,0,71,0,5,36,Yes,0,4,2,0,1,0,75.01,2023-12-19,20,Complex,29.0,4.733333333333333,20.8,1,0
ID435,32,4,1.16,12,2,161,1,1,89,No,2,31,0,0,0,2,97.71,2024-07-18,11,Complex,53.5,12.384615384615385,14.41,1,0
ID436,87,3,3.82,10,0,106,1,2,15,Yes,0,85,0,2,2,1,94.64,2024-04-02,20,Complex,15.5,9.636363636363637,37.0,1,6
ID437,63,2,4.7,20,1,115,1,2,22,Yes,0,69,1,1,1,2,80.62,2023-09-01,7,Complex,17.0,5.476190476190476,11.83,1,2
ID438,86,2,1.72,18,1,379,1,5,73,No,0,34,2,2,2,2,89.67,2024-10-16,20,Complex,45.5,19.94736842105263,26.8,1,4
ID439,51,2,3.27,11,1,147,0,1,71,Yes,0,21,2,1,2,1,86.12,2024-03-13,12,Complex,40.5,12.25,14.52,1,2
ID440,25,2,4.66,2,1,193,1,4,28,Yes,0,64,2,2,1,2,90.31,2023-03-06,16,Complex,22.0,64.33333333333333,26.240000000000002,1,4
ID441,58,2,1.14,18,2,417,1,3,85,Yes,2,83,0,1,1,0,90.48,2023-03-22,7,Complex,49.5,21.94736842105263,12.81,1,2
ID442,63,3,3.79,7,0,484,1,1,89,No,1,21,1,2,2,1,88.86,2023-07-13,21,Complex,51.5,60.5,25.41,1,6
ID443,62,3,2.19,15,0,174,1,2,52,No,0,10,2,1,2,0,77.98,2023-04-25,25,Complex,34.0,10.875,27.500000000000004,1,3
ID444,22,2,4.7,11,0,216,1,5,83,No,0,76,0,2,1,1,71.17,2024-01-06,22,Complex,50.5,18.0,38.72,1,4
ID445,58,4,4.88,18,1,135,1,5,98,Yes,2,2,2,1,2,0,83.67,2023-07-21,15,Complex,62.0,7.105263157894737,15.3,1,4
ID446,58,1,4.78,12,1,125,1,3,29,Yes,2,8,1,2,2,0,96.73,2024-01-17,8,Complex,19.5,9.615384615384615,8.64,1,2
ID447,86,2,2.9,6,0,393,1,5,77,Yes,1,59,2,0,1,2,87.08,2022-12-21,20,Complex,47.5,56.142857142857146,31.799999999999997,1,0
ID448,49,4,4.45,20,1,473,0,5,53,Yes,2,75,1,1,2,0,94.97,2023-04-07,21,Complex,39.5,22.523809523809526,36.75,1,4
ID449,52,1,4.38,13,0,343,1,1,32,No,1,86,1,2,2,2,99.75,2024-03-23,13,Complex,19.0,24.5,24.18,1,2
ID450,42,2,2.28,20,0,493,0,4,11,Yes,0,13,2,1,0,1,74.91,2023-08-29,10,Complex,13.5,23.476190476190474,11.299999999999999,1,2
ID451,70,2,4.32,16,0,108,1,3,31,Yes,0,96,2,1,1,0,90.75,2022-12-26,28,Complex,22.5,6.352941176470588,54.879999999999995,1,2
ID452,15,3,1.15,18,0,187,1,1,66,Yes,1,17,1,2,0,0,90.23,2024-08-15,24,Complex,40.0,9.842105263157896,28.08,1,6
ID453,54,1,3.39,10,0,148,1,4,81,No,2,72,0,1,0,1,99.4,2023-03-09,29,Complex,46.5,13.454545454545455,49.88,1,1
ID454,60,1,1.92,8,0,241,1,1,16,Yes,1,22,1,2,0,1,99.57,2023-04-17,6,Complex,11.0,26.77777777777778,7.32,1,2
ID455,97,4,1.48,18,0,292,0,6,87,Yes,2,73,2,0,2,0,90.6,2023-10-29,13,Complex,57.5,15.368421052631579,22.49,1,0
ID456,8,3,1.31,1,1,368,1,1,65,Yes,0,82,2,1,2,1,77.31,2024-08-02,25,Complex,39.5,184.0,45.49999999999999,1,3
ID457,53,3,3.79,8,0,98,1,5,76,Yes,2,46,0,0,0,2,93.96,2024-02-19,10,Complex,49.0,10.88888888888889,14.6,1,0
ID458,60,3,2.36,6,0,497,0,4,25,Yes,1,68,1,1,0,1,73.21,2024-11-12,7,Complex,22.5,71.0,11.760000000000002,1,3
ID459,5,3,3.9,5,1,81,0,3,92,No,1,46,1,1,0,1,93.42,2023-11-09,24,Complex,55.0,13.5,35.04,1,3
ID460,68,1,1.26,15,1,440,1,3,60,Yes,0,86,1,1,2,0,97.31,2023-06-19,10,Complex,35.0,27.5,18.599999999999998,1,1
ID461,6,1,2.26,15,1,326,0,4,91,Yes,2,29,2,2,0,2,81.49,2023-07-03,11,Complex,51.5,20.375,14.190000000000001,1,2
ID462,96,2,3.16,2,0,69,0,5,89,Yes,2,24,1,0,0,1,88.92,2024-05-29,5,Complex,53.5,23.0,6.2,1,0
ID463,94,2,4.16,1,2,203,0,2,81,Yes,2,27,0,1,1,2,82.9,2023-11-03,27,Complex,46.5,101.5,34.29,1,2
ID464,47,3,2.28,11,2,432,1,1,21,Yes,0,97,2,2,1,2,83.13,2024-05-18,5,Complex,17.5,36.0,9.85,1,6
ID465,99,3,3.5,10,1,117,1,5,62,Yes,2,24,2,1,2,2,79.31,2023-06-22,9,Complex,42.0,10.636363636363637,11.16,1,3
ID466,55,3,4.54,18,2,415,1,6,84,Yes,1,73,1,2,1,0,92.86,2024-02-17,10,Complex,54.0,21.842105263157894,17.3,1,6
ID467,40,2,3.46,18,1,421,0,4,14,Yes,2,77,0,1,1,1,98.09,2023-06-08,17,Complex,15.0,22.157894736842106,30.09,1,2
ID468,52,4,1.93,17,0,263,1,1,36,Yes,0,57,2,0,1,0,98.22,2023-01-25,6,Complex,27.0,14.61111111111111,9.419999999999998,1,0
ID469,16,4,1.1,8,2,192,0,3,21,Yes,2,93,2,0,2,1,75.24,2023-08-31,19,Complex,21.5,21.333333333333332,36.67,1,0
ID470,13,2,4.48,15,0,425,1,2,26,No,2,40,1,1,1,1,96.24,2024-02-22,19,Simple,19.0,26.5625,26.599999999999998,1,2
ID471,30,2,1.09,8,2,281,1,6,15,No,1,24,1,2,2,0,92.12,2024-06-29,17,Complex,17.5,31.22222222222222,21.08,1,4
ID472,19,2,4.5,17,0,262,0,3,14,No,2,77,0,1,0,2,77.59,2024-03-14,29,Simple,14.0,14.555555555555555,51.33,1,2
ID473,17,2,3.12,12,2,128,1,4,66,No,1,98,1,2,1,2,72.02,2024-08-13,18,Complex,41.0,9.846153846153847,35.64,1,4
ID474,63,2,4.76,8,0,263,0,1,37,Yes,1,47,0,1,2,1,78.04,2024-03-01,26,Complex,23.5,29.22222222222222,38.22,1,2
ID475,19,2,4.2,14,0,165,0,4,87,No,0,97,2,2,1,0,97.37,2023-06-30,11,Complex,51.5,11.0,21.669999999999998,1,4
ID476,92,3,4.99,4,2,141,1,1,78,No,1,9,0,0,0,2,89.0,2022-12-13,18,Complex,46.0,28.2,19.62,1,0
ID477,58,3,2.4,1,0,319,0,5,68,Yes,1,98,0,1,2,2,91.63,2024-11-09,28,Complex,45.0,159.5,55.44,1,3
ID478,55,3,4.07,1,0,460,1,2,42,No,0,74,0,0,2,1,77.71,2024-09-05,14,Complex,29.0,230.0,24.36,1,0
ID479,90,3,2.61,19,0,430,1,5,71,No,1,10,2,0,2,1,91.58,2023-11-26,21,Complex,46.5,21.5,23.1,1,0
ID480,90,2,2.92,16,2,217,0,5,59,Yes,0,84,1,1,0,0,70.84,2024-10-24,18,Complex,38.5,12.764705882352942,33.12,1,2
ID481,62,4,3.51,14,2,107,1,4,28,Yes,2,20,2,1,0,1,81.26,2023-06-06,12,Complex,26.0,7.133333333333334,14.399999999999999,1,4
ID482,23,1,4.49,16,0,333,0,2,95,Yes,0,85,1,2,0,2,88.8,2024-06-17,8,Simple,51.5,19.58823529411765,14.8,1,2
ID483,9,2,4.94,5,0,75,1,1,78,No,1,44,0,2,2,2,74.38,2024-06-10,20,Simple,44.0,12.5,28.799999999999997,1,4
ID484,12,1,4.07,9,2,418,1,1,75,No,0,6,0,0,0,2,94.69,2023-04-24,28,Simple,40.5,41.8,29.68,1,0
ID485,1,4,2.67,2,2,496,1,6,56,Yes,1,80,0,2,1,2,77.05,2024-04-26,17,Complex,42.0,165.33333333333334,30.6,1,8
ID486,58,3,2.69,18,0,115,1,3,48,Yes,2,63,0,2,0,0,89.57,2023-03-25,26,Complex,33.0,6.052631578947368,42.379999999999995,1,6
ID487,1,4,3.95,6,0,458,1,6,77,No,0,63,0,1,2,0,82.16,2024-02-23,29,Complex,52.5,65.42857142857143,47.269999999999996,1,4
ID488,34,2,1.96,9,0,297,0,6,42,Yes,2,1,1,2,1,1,87.88,2024-10-19,24,Complex,31.0,29.7,24.240000000000002,1,4
ID489,96,3,1.44,1,1,303,0,1,22,No,1,75,1,0,0,1,73.22,2024-02-19,22,Complex,18.0,151.5,38.5,1,0
ID490,48,2,2.42,9,2,436,0,4,93,Yes,1,41,0,2,1,1,70.51,2023-07-20,18,Complex,54.5,43.6,25.38,1,4
ID491,89,3,2.15,16,1,93,0,5,63,Yes,2,81,2,0,1,0,97.29,2023-06-25,22,Complex,42.5,5.470588235294118,39.82,1,0
ID492,1,1,2.19,13,2,146,0,5,16,No,0,53,2,1,2,2,78.09,2024-05-22,9,Complex,15.0,10.428571428571429,13.77,1,1
ID493,16,1,1.93,9,2,91,0,5,88,Yes,0,74,0,0,1,1,94.59,2024-03-25,13,Complex,51.0,9.1,22.62,1,0
ID494,61,1,1.17,13,2,276,1,2,96,Yes,1,15,1,2,1,2,99.98,2023-09-03,7,Complex,52.0,19.714285714285715,8.049999999999999,1,2
ID495,64,4,1.07,9,2,311,1,1,23,Yes,2,17,2,1,2,1,76.34,2022-12-16,12,Complex,20.5,31.1,14.04,1,4
ID496,63,2,4.95,11,2,216,0,4,96,No,2,98,2,2,2,1,77.96,2024-03-07,24,Complex,56.0,18.0,47.519999999999996,1,4
ID497,69,4,2.71,4,2,485,0,2,28,Yes,0,58,2,1,2,1,89.89,2023-08-13,26,Complex,24.0,97.0,41.08,1,4
ID498,22,1,2.54,2,2,328,1,3,63,Yes,0,89,0,1,1,1,98.96,2023-03-09,14,Simple,36.5,109.33333333333333,26.46,1,1
ID499,93,2,3.72,6,1,138,1,4,29,Yes,0,15,2,2,1,1,97.47,2023-11-05,26,Complex,22.5,19.714285714285715,29.9,1,4
ID500,67,1,1.87,14,0,428,1,6,38,Yes,2,5,2,2,1,2,85.09,2024-06-26,23,Complex,27.0,28.533333333333335,24.150000000000002,1,2
